ARTICLE TYPE,count
Olgu Sunumu,1031
Ara?t?rma makalesi,906
Derleme,121
Olgu Sunumu / Literatür derlemesi,94
Retrospektif çal??ma,88
Teknik Not,49
K?sa bildiri,38
Olgu Serisi,30
Editöre mektup,19
Yöntem Makalesi,13
Gözlemsel çal??ma,9
?nceleme makalesi,4
Meta Analiz,4
Düzeltme,2
Görü? Makalesi,2
Yorum Makalesi,2
Tart??ma makalesi,2
Vaka kontrol çal??mas?,1
Olgu Derlemesi,1
Klinik Uygulama,1
Sosyolojik,1
K?sa rapor,1
Epidemiyolojik Çal??ma,1
Kesitsel anket çal??mas?,1
Olgu sunumu / K?sa bildiri,1
Analiz makalesi,1
Otopsi Serisi,1
Kesitsel çal??mas?,1
Kesitsel gözlemsel otopsi çal??mas?,1
Tan?mlay?c? veri tan?m?,1
Gözlemsel Makale,1
Etik Tarihsel ?nceleme,1
Tavsiye Makalesi,1
Görü? makalesi,1
