_inst_split,0,Adli Foto?raflama,Adli Patoloji Tarihçe,Adli T?p e?itimi,Adli T?p yap?s?,Anrtopolojik,Antropolojik,Antropolojik / Histopatolojik,Antropolojik / Radyolojik,Antroprolojik,Antroprolojik / Ya? tayini,Balistik,Balistik / Radyolojik,Biokimya,Biyokimya,Biyokimya / Histopatolojik,Biyokimya / Histopatolojik / Postmortem de?i?iklikler,Biyokimya / Makroskopik,Biyokimya / Postmortem de?i?iklikler,Biyokimya / Radyolojik,Biyokimya / Serolojik,Biyokimya / Toksikolojik,Biyoloji,Covid 19,Covid 19 / Histopatolojik,Covid 19 / Makroskopik,Covid 19 / Makroskopik / Histopatolojik,Covid 19 / Mikrobiyolojik,Covid 19 / Postmortem de?i?iklikler,Covid 19 / Radyolojik,Covid-19,Covid-19 / Histopatolojik,Covid-19 / Radyolojik / Histopatolojik,Deneysel,Deneysel / Radyolojik,Düzeltme,Entomolojik,Entomolojik / Postmortem de?i?iklikler,Fizyopatoloji,Foto?raflama,Foto?raflama / Modelleme,Genetik,Genetik / Biyokimya,Genetik / Biyokimya / Histopatolojik,Genetik / Histopatolojik,Genetik / Radyolojik / Histopatolojik,Genetik / Toksikolojik / Histopatolojik,Genital muayene,Grafolojik,Hayvan deneyi,Histopatoloji,Histopatolojik,Histopatolojik / Balistik,Histopatolojik / Biyokimya,Histopatolojik / Biyokimya / Hayvan Deneyi,Histopatolojik / Entomolojik,Histopatolojik / Histopatolojik,Histopatolojik / Mikrobiyolojik,Histopatolojik / Mikroskopik ?nceleme,Histopatolojik / Postmortem de?i?iklikler,Histopatolojik / Toksikolojik,Kimliklendirme,Kriminalistik,Makine ö?renmesi,Makroskopik,Makroskopik (??kence),Makroskopik (Uçak kazas?),Makroskopik / Antropolojik,Makroskopik / Artefakt,Makroskopik / Balistik,Makroskopik / Balistik / Histopatolojik,Makroskopik / Balistik / Radyolojik,Makroskopik / Biyokimya / Histopatolojik,Makroskopik / Genetik,Makroskopik / Histopatolojik,Makroskopik / Histopatolojik / Postmortem de?i?iklikler,Makroskopik / Mikrobiyolojik,Makroskopik / Otopsi Serisi,Makroskopik / Postmortem de?i?iklikler,Makroskopik / Radyolojik,Makroskopik / Radyolojik / Histopatolojik,Makroskopik / Radyolojik / Postmoertem de?i?iklikler,Makroskopik / Rekonstrüksiyon,Makroskopik / Toksikolojik,Makroskopik / Toksikolojik / Histopatolojik,Metaanaliz,Mikrobiyolojik,Mikrobiyolojik / Biyokimya,Mikrobiyolojik / Histopatolojik,Mikrobiyolojik / Histopatolojik / Radtolojik,Mikrobiyolojik / Postmortem de?i?iklikler,Mikrobiyolojik / Radyolojik,Mikrobiyolojik / Radyolojik / Histopatolojik,Modelleme,Odontolojik,Odontolojik / Radyolojik,Olay yeri,Organ nakli,Otopsi / Histopatolojik,Otopsi E?itimi,Otopsi Protokolü,Otopsi Protokolü / Hist?oatolojik,Otopsi Serisi,Otopsi Serisi (Dü?meler),Otopsi Serisi (Gebe travma),Otopsi Serisi (Kad?n Cinayeti),Otopsi Serisi (Malpraktis),Otopsi Serisi (Sosyolojik),Otopsi Serisi (Yaralanma a??rl???),Otopsi Serisi (Çürümü?),Otopsi Serisi / Histopatolojik,Otopsi Tarihi,Otopsi Tekni?i,Otopsi güvenli?i,Otopsi kontrol listesi,Otopsi say?s?,Otopsi serisi,Otopsi serisi / Patoloji,Otopsi serisi / Sosyolojik,Otopsi serisi / Toksikolojik,Otopsi tarihçe,Patolog yorumu,Postmortem de?i?iklikler,Postmortem de?i?iklikler / Biyokimya,Prosedürler,Protokol (Ya?l? istismar? eksiklikler),Psikiyatrik,Psikiyatrik (Bibliyometrik),Psikiyatrik / Histopatolojik,Psikiyatrik Otopsi,Radyolojik,Radyolojik / Antropolojik,Radyolojik / Balistik,Radyolojik / Biyokimya,Radyolojik / Genetik,Radyolojik / Genetik / Histopatolojik,Radyolojik / Histopatolojik,Radyolojik / Histopatolojik / Biyokimya,Radyolojik / Histopatolojik / Mikrobiyolojik,Radyolojik / Histopatolojik / Toksikolojik,Radyolojik / Histpatolojik,Radyolojik / Kriminalistik,Radyolojik / Postmortem de?i?iklikler,Radyolojik / Toksikolojik,Rekonstrüksiyon,Sosylojik,Sosylojik / Histopatoloji,Sosyolojik,Sosyolojik (Ölüye sayg?),Sosyolojik / Psikiyatrik,Toksikoljik / Histopatolojik,Toksikolojik,Toksikolojik / Biyokimya,Toksikolojik / Genetik,Toksikolojik / Histopatolojik,Toksikolojik / Histopatolojik / Biyokimya,Toksikolojik / Kriminalistik,Toksikolojik / Psikiyatrik,Toksikolojik / Radyolojik,Toksikolojik / Radyolojik / Histopatolojik,Toksikolojik / Rekonstrüksiyon,Ya? tayini,Yapay zeka / Histopatolojik,Çürüme,Çürüme zaman?
Forensic Medicine Department,0,0,0,1,2,2,16,0,3,2,0,8,2,0,89,24,1,1,1,1,1,5,3,16,7,3,0,2,0,2,4,1,3,2,0,1,2,1,1,2,0,48,4,0,14,2,1,1,0,0,0,229,0,8,1,0,0,1,1,2,1,2,0,0,157,0,1,1,1,4,1,0,1,0,98,1,2,0,0,35,16,1,0,10,5,1,5,2,6,1,2,0,1,1,1,0,1,1,1,1,1,1,50,1,1,1,1,1,1,1,1,1,3,1,0,1,15,1,1,4,2,1,17,2,1,0,5,1,1,1,150,1,0,4,1,1,68,2,1,2,1,1,2,2,6,2,1,5,1,1,2,127,19,0,42,1,0,2,6,4,1,0,0,2,0
Forensic Psychiatry Department,0,0,0,0,0,0,0,0,0,0,0,0,0,0,1,0,0,0,0,0,0,0,0,0,0,0,0,0,0,0,0,0,0,0,0,0,0,0,0,0,0,0,0,0,0,0,0,0,0,0,0,0,0,0,0,0,0,0,0,0,0,0,0,0,2,0,0,0,0,0,0,0,0,0,0,0,0,0,0,0,0,0,0,0,0,0,0,0,0,0,0,0,0,0,0,0,0,0,0,0,0,0,1,0,0,0,0,0,0,0,0,0,0,0,0,1,3,0,0,0,0,0,0,0,0,0,1,0,0,0,0,0,0,0,0,0,0,0,0,0,0,0,0,0,0,0,0,1,0,1,0,1,0,0,0,0,0,0,0,0,0,0,0,0,0
Forensic Sciences Department,1,1,1,0,0,0,5,0,0,0,0,1,0,1,7,1,0,0,0,0,0,0,3,0,1,0,0,0,0,0,1,0,0,1,0,0,1,0,0,0,0,2,0,0,1,0,0,0,0,0,0,14,0,0,0,0,0,0,0,1,0,0,0,0,18,0,0,0,0,0,0,0,0,1,4,0,1,0,0,2,1,0,0,0,0,0,0,1,0,0,0,0,0,0,0,0,0,0,0,0,0,0,0,0,0,0,0,0,0,0,0,0,0,2,0,0,0,0,0,0,0,0,6,0,0,0,0,0,0,0,6,0,0,0,0,0,3,0,0,0,0,0,0,0,2,0,0,1,0,0,0,24,2,1,5,0,1,0,1,0,0,1,0,0,1
Hospital,0,0,0,0,0,0,1,0,1,1,0,0,0,0,4,4,0,0,1,0,0,0,1,2,2,0,1,0,0,0,0,1,1,0,0,0,1,0,0,0,0,5,0,0,0,0,0,0,0,0,0,18,0,0,0,0,0,1,0,0,0,0,0,0,6,0,0,0,0,0,0,0,0,0,9,0,0,0,0,5,0,0,0,2,0,0,1,0,0,0,0,0,0,0,1,0,0,0,0,0,0,0,8,0,0,0,0,0,0,0,0,0,1,0,1,0,6,0,0,0,0,0,0,0,0,0,0,0,0,0,13,0,1,0,0,0,7,0,0,0,0,0,0,0,1,0,0,0,0,0,0,22,3,0,3,0,0,0,0,0,0,0,0,0,0
Pathology Department,1,0,0,0,1,0,1,0,0,0,0,1,0,0,8,3,0,0,0,0,0,0,2,3,2,0,0,0,1,0,0,0,1,1,0,0,0,0,0,0,1,6,0,0,2,0,0,0,0,0,1,108,0,3,0,0,1,2,0,3,0,1,1,0,33,1,0,0,0,4,0,0,0,0,40,0,0,0,0,6,1,0,0,2,1,0,2,0,0,0,0,0,0,1,0,0,0,0,0,0,0,0,16,0,0,0,0,0,0,0,0,0,1,0,0,0,4,0,0,0,0,0,1,0,0,0,0,0,0,0,15,0,0,0,0,0,17,0,1,0,0,0,0,0,2,0,0,0,0,0,0,20,2,0,11,0,0,0,0,1,0,0,0,0,0
University,2,0,0,0,1,0,5,2,1,1,1,2,0,0,12,2,0,0,1,0,0,0,0,2,1,0,0,0,0,1,0,0,2,1,1,0,1,0,0,1,0,4,0,1,2,0,0,0,1,1,0,68,1,1,0,1,0,1,0,2,0,1,0,1,31,0,0,0,0,2,0,2,0,0,20,0,1,1,1,4,2,0,1,5,1,1,1,0,2,0,0,1,0,1,2,1,0,0,0,0,0,0,17,0,0,0,0,0,0,0,0,1,1,1,0,0,3,0,0,0,0,0,7,0,0,1,2,0,0,1,34,1,1,0,0,0,12,0,0,0,0,0,0,0,2,0,0,3,0,1,0,49,7,0,12,0,0,0,0,0,0,0,1,1,0
