_journal_clean,0,Adli Foto?raflama,Adli Patoloji Tarihçe,Adli T?p e?itimi,Adli T?p yap?s?,Anrtopolojik,Antropolojik,Antropolojik / Histopatolojik,Antropolojik / Radyolojik,Antroprolojik,Antroprolojik / Ya? tayini,Balistik,Balistik / Radyolojik,Biokimya,Biyokimya,Biyokimya / Histopatolojik,Biyokimya / Histopatolojik / Postmortem de?i?iklikler,Biyokimya / Makroskopik,Biyokimya / Postmortem de?i?iklikler,Biyokimya / Radyolojik,Biyokimya / Serolojik,Biyokimya / Toksikolojik,Biyoloji,Covid 19,Covid 19 / Histopatolojik,Covid 19 / Makroskopik,Covid 19 / Makroskopik / Histopatolojik,Covid 19 / Mikrobiyolojik,Covid 19 / Postmortem de?i?iklikler,Covid 19 / Radyolojik,Covid-19,Covid-19 / Histopatolojik,Covid-19 / Radyolojik / Histopatolojik,Deneysel,Deneysel / Radyolojik,Düzeltme,Entomolojik,Entomolojik / Postmortem de?i?iklikler,Fizyopatoloji,Foto?raflama,Foto?raflama / Modelleme,Genetik,Genetik / Biyokimya,Genetik / Biyokimya / Histopatolojik,Genetik / Histopatolojik,Genetik / Radyolojik / Histopatolojik,Genetik / Toksikolojik / Histopatolojik,Genital muayene,Grafolojik,Hayvan deneyi,Histopatoloji,Histopatolojik,Histopatolojik / Balistik,Histopatolojik / Biyokimya,Histopatolojik / Biyokimya / Hayvan Deneyi,Histopatolojik / Entomolojik,Histopatolojik / Histopatolojik,Histopatolojik / Mikrobiyolojik,Histopatolojik / Mikroskopik ?nceleme,Histopatolojik / Postmortem de?i?iklikler,Histopatolojik / Toksikolojik,Kimliklendirme,Kriminalistik,Makine ö?renmesi,Makroskopik,Makroskopik (??kence),Makroskopik (Uçak kazas?),Makroskopik / Antropolojik,Makroskopik / Artefakt,Makroskopik / Balistik,Makroskopik / Balistik / Histopatolojik,Makroskopik / Balistik / Radyolojik,Makroskopik / Biyokimya / Histopatolojik,Makroskopik / Genetik,Makroskopik / Histopatolojik,Makroskopik / Histopatolojik / Postmortem de?i?iklikler,Makroskopik / Mikrobiyolojik,Makroskopik / Otopsi Serisi,Makroskopik / Postmortem de?i?iklikler,Makroskopik / Radyolojik,Makroskopik / Radyolojik / Histopatolojik,Makroskopik / Radyolojik / Postmoertem de?i?iklikler,Makroskopik / Rekonstrüksiyon,Makroskopik / Toksikolojik,Makroskopik / Toksikolojik / Histopatolojik,Metaanaliz,Mikrobiyolojik,Mikrobiyolojik / Biyokimya,Mikrobiyolojik / Histopatolojik,Mikrobiyolojik / Histopatolojik / Radtolojik,Mikrobiyolojik / Postmortem de?i?iklikler,Mikrobiyolojik / Radyolojik,Mikrobiyolojik / Radyolojik / Histopatolojik,Modelleme,Odontolojik,Odontolojik / Radyolojik,Olay yeri,Organ nakli,Otopsi / Histopatolojik,Otopsi E?itimi,Otopsi Protokolü,Otopsi Protokolü / Hist?oatolojik,Otopsi Serisi,Otopsi Serisi (Dü?meler),Otopsi Serisi (Gebe travma),Otopsi Serisi (Kad?n Cinayeti),Otopsi Serisi (Malpraktis),Otopsi Serisi (Sosyolojik),Otopsi Serisi (Yaralanma a??rl???),Otopsi Serisi (Çürümü?),Otopsi Serisi / Histopatolojik,Otopsi Tarihi,Otopsi Tekni?i,Otopsi güvenli?i,Otopsi kontrol listesi,Otopsi say?s?,Otopsi serisi,Otopsi serisi / Patoloji,Otopsi serisi / Sosyolojik,Otopsi serisi / Toksikolojik,Otopsi tarihçe,Patolog yorumu,Postmortem de?i?iklikler,Postmortem de?i?iklikler / Biyokimya,Prosedürler,Protokol (Ya?l? istismar? eksiklikler),Psikiyatrik,Psikiyatrik (Bibliyometrik),Psikiyatrik / Histopatolojik,Psikiyatrik Otopsi,Radyolojik,Radyolojik / Antropolojik,Radyolojik / Balistik,Radyolojik / Biyokimya,Radyolojik / Genetik,Radyolojik / Genetik / Histopatolojik,Radyolojik / Histopatolojik,Radyolojik / Histopatolojik / Biyokimya,Radyolojik / Histopatolojik / Mikrobiyolojik,Radyolojik / Histopatolojik / Toksikolojik,Radyolojik / Histpatolojik,Radyolojik / Kriminalistik,Radyolojik / Postmortem de?i?iklikler,Radyolojik / Toksikolojik,Rekonstrüksiyon,Sosylojik,Sosylojik / Histopatoloji,Sosyolojik,Sosyolojik (Ölüye sayg?),Sosyolojik / Psikiyatrik,Toksikoljik / Histopatolojik,Toksikolojik,Toksikolojik / Biyokimya,Toksikolojik / Genetik,Toksikolojik / Histopatolojik,Toksikolojik / Histopatolojik / Biyokimya,Toksikolojik / Kriminalistik,Toksikolojik / Psikiyatrik,Toksikolojik / Radyolojik,Toksikolojik / Radyolojik / Histopatolojik,Toksikolojik / Rekonstrüksiyon,Ya? tayini,Yapay zeka / Histopatolojik,Çürüme,Çürüme zaman?
American Journal of Forensic Medicine and Pathology,0,0,1,0,0,0,1,0,0,2,0,4,0,0,11,4,0,0,1,0,0,0,1,6,1,0,0,1,0,1,0,1,3,1,0,0,0,0,0,2,0,2,0,0,2,0,0,0,0,0,0,108,0,2,0,0,0,2,0,2,0,0,0,0,72,0,0,1,1,4,0,1,0,1,58,0,1,0,0,8,2,0,0,4,1,0,1,0,1,0,0,0,0,1,0,0,0,0,0,0,0,1,16,0,0,0,0,0,1,0,1,2,3,2,1,0,4,0,0,0,0,0,2,0,0,0,3,0,0,0,24,1,0,0,0,0,21,0,1,0,0,1,0,0,1,1,0,4,0,0,0,30,3,0,16,0,0,0,0,0,0,0,0,0,0
Australian Journal of Forensic Sciences,0,0,0,0,1,0,3,0,0,0,0,0,0,0,0,0,0,0,0,0,0,1,1,0,0,0,0,0,0,0,0,0,0,0,0,0,0,0,0,0,0,0,0,0,0,0,0,0,0,0,0,6,0,1,0,0,0,1,0,1,0,0,0,0,7,0,0,0,0,0,0,0,0,0,1,0,0,0,0,0,0,0,0,0,0,0,0,0,0,0,0,0,0,0,0,0,0,0,0,0,0,0,3,0,0,0,1,0,0,0,0,0,0,0,0,1,1,0,0,0,0,0,1,0,0,0,0,0,0,0,5,0,0,0,0,0,2,0,0,0,0,0,1,0,0,0,0,1,0,0,0,3,0,0,1,0,0,1,0,0,0,0,0,0,0
Forensic Science International,0,0,0,0,0,1,6,0,2,1,0,0,1,1,35,10,0,0,1,0,1,2,2,2,0,0,1,0,0,2,1,0,1,1,0,0,1,0,0,0,0,14,0,0,3,0,0,0,0,0,0,30,0,3,0,0,0,0,0,0,0,1,0,0,32,1,0,0,0,0,0,0,0,0,12,0,0,0,0,3,0,0,0,2,0,1,4,1,1,0,0,0,0,0,1,0,1,0,0,0,0,0,8,0,0,0,0,0,0,0,0,0,0,1,0,0,5,0,0,0,0,0,8,1,0,0,1,0,1,0,35,1,0,0,0,0,15,0,0,0,0,0,0,1,3,0,0,0,0,0,1,76,19,0,6,0,0,0,0,1,1,0,0,1,1
International Journal of Legal Medicine,0,1,0,1,0,0,4,0,3,0,1,3,0,0,18,7,0,0,0,1,0,0,1,5,5,2,0,0,0,0,0,1,2,1,0,1,1,0,0,0,1,35,3,0,7,0,0,0,0,0,0,36,0,4,1,0,0,0,0,4,0,1,0,0,22,0,1,0,0,1,1,0,0,0,16,1,0,0,1,10,1,0,0,0,1,0,0,0,2,0,1,0,1,1,0,0,0,0,0,1,0,0,9,0,0,0,0,0,0,0,0,0,1,0,0,0,0,0,0,0,2,1,8,0,1,0,0,0,0,0,63,0,1,1,1,0,23,0,0,0,0,0,0,0,1,0,1,0,1,0,0,22,3,0,8,0,0,1,3,0,0,0,1,0,0
Journal of Forensic Sciences,1,0,0,0,0,0,3,1,0,0,0,2,0,0,5,2,0,0,0,0,0,0,0,2,0,0,0,0,1,0,0,0,0,0,1,0,1,1,0,0,0,3,0,0,1,0,0,1,0,0,1,154,0,1,0,1,1,2,1,0,0,1,1,0,36,0,0,0,0,3,0,0,0,0,23,0,0,0,0,12,4,0,0,5,0,1,1,1,1,0,0,0,0,0,1,0,0,0,1,0,0,0,17,0,0,0,0,0,0,0,0,0,0,0,0,0,8,1,0,1,0,0,2,0,0,1,3,0,0,0,14,0,0,0,0,0,11,1,0,1,1,0,0,0,2,0,0,1,0,2,0,51,2,1,15,0,1,0,1,0,0,0,0,0,0
Journal of Forensic and Legal Medicine,3,0,0,0,3,1,3,0,0,1,0,1,0,0,22,3,0,0,0,0,0,1,1,3,0,0,0,0,0,0,3,0,0,2,0,0,0,0,0,0,0,4,0,0,1,0,0,0,1,0,0,36,1,0,0,0,0,0,0,1,1,1,0,1,36,0,0,0,0,1,0,0,1,0,24,0,1,1,0,7,2,0,0,4,3,0,2,1,1,0,1,0,0,1,1,0,0,1,0,0,1,0,26,1,1,1,0,0,0,0,0,0,2,1,0,1,12,0,1,3,0,0,4,1,0,0,1,1,0,1,21,0,0,1,0,1,8,0,0,0,0,0,0,0,2,1,0,4,0,1,0,22,2,0,6,0,0,0,1,1,0,0,0,0,0
Journal of Legal Medicine,0,0,0,0,0,0,0,0,0,0,0,0,0,0,3,0,0,0,0,0,0,0,0,0,0,0,0,0,0,0,0,0,0,0,0,0,0,0,1,0,0,2,0,0,0,0,1,0,0,0,0,5,0,0,0,0,0,0,0,0,0,0,0,0,2,0,0,0,0,0,0,0,0,0,0,0,0,0,0,0,0,0,0,0,0,0,0,0,0,0,0,0,0,0,0,0,0,0,0,0,0,0,0,0,0,0,0,0,0,0,0,0,0,0,0,0,0,0,0,0,0,0,0,0,0,0,0,0,0,0,6,0,0,0,0,0,2,0,0,0,0,0,0,0,1,0,0,0,0,0,0,0,0,0,0,0,0,0,0,0,0,1,0,0,0
Legal Medicine,0,0,0,0,0,0,6,0,0,0,0,2,1,0,22,8,1,0,1,0,0,0,2,4,7,1,0,1,0,0,1,0,1,0,0,0,1,0,0,0,0,3,1,1,5,2,0,0,0,1,0,39,0,0,0,0,0,0,0,0,0,0,0,0,27,0,0,0,0,1,0,1,0,0,29,0,2,0,0,10,11,1,1,3,2,0,1,0,2,1,0,1,0,0,1,1,0,0,0,0,0,0,8,0,0,0,0,1,0,1,0,0,0,0,0,0,1,0,0,0,0,0,6,0,0,0,0,0,0,1,46,0,1,2,0,0,21,1,1,1,0,0,1,1,3,0,0,0,0,0,1,35,4,0,18,0,0,0,2,2,0,0,0,2,0
Romanian Journal of Lelgal Medicine,0,0,0,0,0,0,2,1,0,0,0,0,0,0,5,0,0,1,0,0,0,1,1,1,0,0,0,0,0,0,0,0,0,0,0,0,1,0,0,1,0,2,0,0,0,0,0,0,0,0,0,23,0,1,0,0,0,0,0,0,0,0,0,0,13,0,0,0,0,0,0,0,0,0,8,0,0,0,0,2,0,0,0,1,0,0,0,0,0,0,0,0,0,0,0,0,0,0,0,0,0,0,5,0,0,0,0,0,0,0,0,0,0,0,0,0,0,0,0,0,0,0,0,0,0,0,0,0,0,0,4,0,0,0,0,0,4,0,0,0,0,0,0,0,0,0,0,0,0,0,0,4,0,0,3,1,0,0,0,1,0,0,0,0,0
