ARTICLE CONTENT,count
Histopatolojik,437
Makroskopik,247
Toksikolojik,243
Radyolojik,218
Makroskopik / Histopatolojik,171
Biyokimya,121
Radyolojik / Histopatolojik,107
Otopsi Serisi,92
Toksikolojik / Histopatolojik,73
Genetik,65
Makroskopik / Radyolojik,52
Biyokimya / Histopatolojik,34
Toksikolojik / Biyokimya,33
Otopsi serisi,31
Postmortem de?i?iklikler,31
Antropolojik,28
Covid 19,23
Makroskopik / Radyolojik / Histopatolojik,20
Makroskopik / Toksikolojik,19
Genetik / Histopatolojik,19
Covid 19 / Histopatolojik,13
Rekonstrüksiyon,13
Histopatolojik / Biyokimya,12
Balistik,12
Sosyolojik,10
Makroskopik / Balistik,10
Mikrobiyolojik,9
Biyoloji,9
Mikrobiyolojik / Histopatolojik,8
Histopatolojik / Postmortem de?i?iklikler,8
Psikiyatrik,8
Makroskopik / Toksikolojik / Histopatolojik,7
Covid-19 / Radyolojik / Histopatolojik,7
Toksikolojik / Radyolojik,7
Otopsi Tekni?i,6
Antropolojik / Radyolojik,5
Deneysel,5
Histopatolojik / Mikrobiyolojik,5
Entomolojik,5
Covid-19,5
Biyokimya / Toksikolojik,5
Toksikolojik / Radyolojik / Histopatolojik,5
Radyolojik / Biyokimya,4
Otopsi serisi / Toksikolojik,4
0,4
Makroskopik / Mikrobiyolojik,4
Genetik / Biyokimya,4
Adli T?p yap?s?,4
Otopsi güvenli?i,4
Odontolojik,4
