KEYWORDS,count
autopsy,736
forensic pathology,542
forensic science,292
sudden death,144
suicide,141
forensic autopsy,104
forensic medicine,91
forensic,84
postmortem,79
sudden cardiac death,75
homicide,73
postmortem computed tomography,72
forensic toxicology,68
death,67
drowning,66
cause of death,56
toxicology,50
forensic anthropology,48
forensic radiology,44
ms,43
covid-19,42
immunohistochemistry,38
asphyxia,38
postmortem ct,34
pathology,33
intoxication,32
molecular autopsy,31
post-mortem,31
sars-cov-2,31
poisoning,30
computed tomography,28
postmortem biochemistry,27
pmct,26
manner of death,26
hanging,25
lc-ms,24
postmortem interval,23
forensic imaging,23
histopathology,20
histology,20
child abuse,20
myocardial infarction,19
infant,19
traumatic brain injury,19
overdose,18
virtopsy,18
hypothermia,18
accident,17
postmortem imaging,17
fatal intoxication,16
