_year_numeric,0,Adli Foto?raflama,Adli Patoloji Tarihçe,Adli T?p e?itimi,Adli T?p yap?s?,Anrtopolojik,Antropolojik,Antropolojik / Histopatolojik,Antropolojik / Radyolojik,Antroprolojik,Antroprolojik / Ya? tayini,Balistik,Balistik / Radyolojik,Biokimya,Biyokimya,Biyokimya / Histopatolojik,Biyokimya / Histopatolojik / Postmortem de?i?iklikler,Biyokimya / Makroskopik,Biyokimya / Postmortem de?i?iklikler,Biyokimya / Radyolojik,Biyokimya / Serolojik,Biyokimya / Toksikolojik,Biyoloji,Covid 19,Covid 19 / Histopatolojik,Covid 19 / Makroskopik,Covid 19 / Makroskopik / Histopatolojik,Covid 19 / Mikrobiyolojik,Covid 19 / Postmortem de?i?iklikler,Covid 19 / Radyolojik,Covid-19,Covid-19 / Histopatolojik,Covid-19 / Radyolojik / Histopatolojik,Deneysel,Deneysel / Radyolojik,Düzeltme,Entomolojik,Entomolojik / Postmortem de?i?iklikler,Fizyopatoloji,Foto?raflama,Foto?raflama / Modelleme,Genetik,Genetik / Biyokimya,Genetik / Biyokimya / Histopatolojik,Genetik / Histopatolojik,Genetik / Radyolojik / Histopatolojik,Genetik / Toksikolojik / Histopatolojik,Genital muayene,Grafolojik,Hayvan deneyi,Histopatoloji,Histopatolojik,Histopatolojik / Balistik,Histopatolojik / Biyokimya,Histopatolojik / Biyokimya / Hayvan Deneyi,Histopatolojik / Entomolojik,Histopatolojik / Histopatolojik,Histopatolojik / Mikrobiyolojik,Histopatolojik / Mikroskopik ?nceleme,Histopatolojik / Postmortem de?i?iklikler,Histopatolojik / Toksikolojik,Kimliklendirme,Kriminalistik,Makine ö?renmesi,Makroskopik,Makroskopik (??kence),Makroskopik (Uçak kazas?),Makroskopik / Antropolojik,Makroskopik / Artefakt,Makroskopik / Balistik,Makroskopik / Balistik / Histopatolojik,Makroskopik / Balistik / Radyolojik,Makroskopik / Biyokimya / Histopatolojik,Makroskopik / Genetik,Makroskopik / Histopatolojik,Makroskopik / Histopatolojik / Postmortem de?i?iklikler,Makroskopik / Mikrobiyolojik,Makroskopik / Otopsi Serisi,Makroskopik / Postmortem de?i?iklikler,Makroskopik / Radyolojik,Makroskopik / Radyolojik / Histopatolojik,Makroskopik / Radyolojik / Postmoertem de?i?iklikler,Makroskopik / Rekonstrüksiyon,Makroskopik / Toksikolojik,Makroskopik / Toksikolojik / Histopatolojik,Metaanaliz,Mikrobiyolojik,Mikrobiyolojik / Biyokimya,Mikrobiyolojik / Histopatolojik,Mikrobiyolojik / Histopatolojik / Radtolojik,Mikrobiyolojik / Postmortem de?i?iklikler,Mikrobiyolojik / Radyolojik,Mikrobiyolojik / Radyolojik / Histopatolojik,Modelleme,Odontolojik,Odontolojik / Radyolojik,Olay yeri,Organ nakli,Otopsi / Histopatolojik,Otopsi E?itimi,Otopsi Protokolü,Otopsi Protokolü / Hist?oatolojik,Otopsi Serisi,Otopsi Serisi (Dü?meler),Otopsi Serisi (Gebe travma),Otopsi Serisi (Kad?n Cinayeti),Otopsi Serisi (Malpraktis),Otopsi Serisi (Sosyolojik),Otopsi Serisi (Yaralanma a??rl???),Otopsi Serisi (Çürümü?),Otopsi Serisi / Histopatolojik,Otopsi Tarihi,Otopsi Tekni?i,Otopsi güvenli?i,Otopsi kontrol listesi,Otopsi say?s?,Otopsi serisi,Otopsi serisi / Patoloji,Otopsi serisi / Sosyolojik,Otopsi serisi / Toksikolojik,Otopsi tarihçe,Patolog yorumu,Postmortem de?i?iklikler,Postmortem de?i?iklikler / Biyokimya,Prosedürler,Protokol (Ya?l? istismar? eksiklikler),Psikiyatrik,Psikiyatrik (Bibliyometrik),Psikiyatrik / Histopatolojik,Psikiyatrik Otopsi,Radyolojik,Radyolojik / Antropolojik,Radyolojik / Balistik,Radyolojik / Biyokimya,Radyolojik / Genetik,Radyolojik / Genetik / Histopatolojik,Radyolojik / Histopatolojik,Radyolojik / Histopatolojik / Biyokimya,Radyolojik / Histopatolojik / Mikrobiyolojik,Radyolojik / Histopatolojik / Toksikolojik,Radyolojik / Histpatolojik,Radyolojik / Kriminalistik,Radyolojik / Postmortem de?i?iklikler,Radyolojik / Toksikolojik,Rekonstrüksiyon,Sosylojik,Sosylojik / Histopatoloji,Sosyolojik,Sosyolojik (Ölüye sayg?),Sosyolojik / Psikiyatrik,Toksikoljik / Histopatolojik,Toksikolojik,Toksikolojik / Biyokimya,Toksikolojik / Genetik,Toksikolojik / Histopatolojik,Toksikolojik / Histopatolojik / Biyokimya,Toksikolojik / Kriminalistik,Toksikolojik / Psikiyatrik,Toksikolojik / Radyolojik,Toksikolojik / Radyolojik / Histopatolojik,Toksikolojik / Rekonstrüksiyon,Ya? tayini,Yapay zeka / Histopatolojik,Çürüme,Çürüme zaman?
2015,3,0,0,0,1,0,0,0,0,4,0,1,0,0,20,0,0,0,0,0,0,0,5,0,0,0,0,0,0,0,0,0,0,0,0,0,0,0,1,1,0,6,0,0,3,0,1,0,0,0,0,71,1,1,0,0,1,0,1,0,0,0,0,0,13,0,0,0,0,0,0,0,0,0,0,0,0,0,0,0,0,0,0,0,0,0,1,0,0,0,0,0,0,0,0,0,0,0,1,0,0,0,1,0,0,0,0,0,0,0,0,0,0,1,0,0,18,1,0,3,0,0,0,0,0,0,0,0,0,0,44,1,0,0,0,0,14,0,0,2,0,0,0,0,5,0,0,4,0,0,0,30,1,0,4,0,0,0,0,0,0,1,0,2,0
2016,1,0,0,0,0,0,0,0,0,0,1,0,0,0,16,0,0,0,0,0,0,0,4,0,0,0,0,0,0,0,0,0,0,0,0,0,0,0,0,0,0,13,0,0,0,0,0,0,0,0,1,79,0,2,0,0,0,2,0,0,0,0,0,0,17,0,0,0,0,0,0,0,0,1,0,0,0,0,0,0,0,0,0,0,0,0,1,0,0,0,0,0,0,0,0,0,0,0,0,0,0,0,2,0,0,0,0,0,0,0,0,0,0,1,1,2,5,0,1,0,0,0,0,0,0,0,1,0,0,0,38,0,0,3,1,0,17,0,0,0,0,1,0,0,1,0,0,4,0,3,0,35,0,1,11,0,0,0,1,0,1,0,0,1,1
2017,0,0,0,0,0,0,1,0,0,0,0,1,0,0,17,1,0,1,0,0,0,0,0,0,0,0,0,0,0,0,0,0,0,1,0,1,0,0,0,1,1,9,0,0,1,0,0,0,0,0,0,61,0,2,1,0,0,0,0,0,1,0,0,0,20,0,1,0,0,0,0,0,0,0,5,0,0,0,0,4,0,0,0,0,0,0,3,0,0,0,0,0,0,0,1,0,0,0,0,0,0,0,1,0,0,0,0,0,1,0,0,0,0,0,0,0,3,0,0,1,2,0,1,0,1,0,1,0,0,1,21,0,0,0,0,0,8,0,0,0,0,0,0,0,1,0,0,2,0,0,1,22,3,0,6,1,0,0,0,0,0,0,0,0,0
2018,0,0,0,0,0,2,9,0,3,0,0,0,1,1,22,1,0,0,0,0,0,0,0,0,0,0,0,0,0,0,0,0,0,1,0,0,1,0,0,0,0,5,0,0,1,0,0,0,1,1,0,62,0,5,0,0,0,2,0,0,0,0,1,0,22,1,0,0,0,0,0,0,0,0,3,0,0,0,0,2,0,0,0,1,1,1,1,0,0,0,0,0,0,0,2,0,0,0,0,0,0,0,3,0,1,1,0,0,0,0,0,0,0,1,0,0,5,0,0,0,0,0,1,0,0,0,0,0,0,1,19,0,0,1,0,0,10,1,0,0,0,0,0,2,1,0,0,0,0,0,1,18,3,0,8,0,1,0,0,0,0,0,0,0,0
2019,0,0,0,0,0,0,4,1,0,0,0,1,1,0,8,4,0,0,0,0,1,4,0,0,0,0,0,0,0,0,0,0,0,1,1,0,1,0,0,0,0,7,0,0,3,0,0,0,0,0,0,45,0,2,0,1,0,1,0,0,0,0,0,0,25,0,0,1,1,2,0,0,0,0,15,0,0,1,0,6,0,0,0,0,0,0,1,0,1,0,0,0,0,1,1,0,1,0,0,0,0,0,19,1,0,0,1,0,0,0,0,0,0,1,0,0,0,0,0,0,0,0,3,2,0,0,2,0,0,0,11,0,0,0,0,1,14,0,0,0,1,0,0,0,0,1,0,0,0,0,0,26,3,0,6,0,0,0,2,1,0,0,0,0,0
2020,0,0,0,0,0,0,3,1,0,0,0,0,0,0,9,1,0,0,0,1,0,1,0,2,2,0,0,0,0,0,5,2,1,1,0,0,1,0,0,0,0,7,1,0,0,1,0,1,0,0,0,24,0,0,0,0,0,0,0,0,0,0,0,0,24,0,0,0,0,0,0,0,0,0,22,0,0,0,0,7,1,0,0,3,0,0,2,0,2,0,0,1,1,0,0,0,0,0,0,0,1,0,16,0,0,0,0,1,0,1,0,0,0,0,0,0,0,0,0,0,0,0,3,0,0,0,1,0,0,0,28,0,0,0,0,0,11,0,0,0,0,0,0,0,3,0,1,0,0,0,0,21,3,0,7,0,0,0,0,1,0,0,0,0,0
2021,0,0,1,0,0,0,3,0,0,0,0,7,0,0,12,5,0,0,0,0,0,0,0,7,3,3,0,0,0,2,0,0,4,0,0,0,0,0,0,0,0,7,0,0,5,0,0,0,0,0,0,33,0,0,0,0,0,0,0,0,0,0,0,1,42,0,0,0,0,3,1,0,0,0,42,0,0,0,0,8,5,0,1,2,0,1,0,0,1,1,1,0,0,0,0,0,0,0,0,0,0,0,11,0,0,0,0,0,0,0,1,0,0,0,0,0,0,0,0,0,0,0,2,0,0,1,2,0,0,0,20,0,0,0,0,0,19,1,2,0,0,0,0,0,0,0,0,0,1,0,0,32,7,0,7,0,0,1,3,0,0,0,0,0,0
2022,0,0,0,0,1,0,1,0,0,0,0,0,0,0,7,4,0,0,2,0,0,0,0,8,4,0,1,1,0,0,0,0,1,1,0,0,1,0,0,0,0,3,1,0,3,1,0,0,0,0,0,31,0,0,0,0,0,0,0,4,0,0,0,0,33,0,0,0,0,2,0,0,0,0,25,0,1,0,1,8,7,1,0,6,2,0,0,2,2,0,1,0,0,1,0,1,0,0,0,0,0,0,15,0,0,0,0,0,0,0,0,0,1,0,0,0,0,0,0,0,0,1,8,0,0,0,0,1,1,0,12,0,0,0,0,0,6,0,0,0,0,0,0,0,2,0,0,0,0,0,0,12,6,0,9,0,0,0,1,0,0,0,0,0,0
2023,0,0,0,0,2,0,3,0,0,0,0,1,0,0,7,6,1,0,1,0,0,0,0,3,2,0,0,0,1,0,0,0,1,0,0,0,1,0,0,1,0,4,0,0,2,0,0,0,0,0,0,16,0,0,0,0,0,0,0,1,0,0,0,0,14,0,0,0,0,1,0,1,0,0,23,0,2,0,0,3,4,0,0,2,4,0,0,0,1,0,0,0,0,0,0,0,0,0,0,0,0,0,15,0,0,0,0,0,0,0,0,0,3,0,0,0,0,0,0,0,0,0,8,0,0,0,0,0,0,0,13,0,1,0,0,0,3,0,0,0,0,0,0,0,0,1,0,0,0,0,0,18,3,0,5,0,0,0,0,2,0,0,0,0,0
2024,0,1,0,1,0,0,4,0,2,0,0,1,0,0,3,12,0,0,0,0,0,0,0,3,2,0,0,1,0,1,0,0,0,0,0,0,0,1,0,0,0,4,2,1,1,0,0,0,0,0,0,15,0,0,0,0,0,0,0,3,0,4,0,0,37,0,0,0,0,2,0,1,1,0,36,1,1,0,0,14,3,0,0,5,0,0,0,1,1,0,0,0,0,1,0,0,0,1,0,1,0,1,9,0,0,0,0,0,0,0,0,2,2,0,0,0,0,0,0,0,0,0,5,0,0,0,1,0,0,0,12,1,1,0,0,0,5,0,0,0,0,0,2,0,0,0,0,0,0,0,0,29,4,0,10,0,0,1,0,1,0,0,1,0,0
