COUNTRY,count
Japonya,377
Amerika,317
?talya,267
Çin,121
Almanya,110
Avustralya,102
?sviçre,89
Hindistan,81
Fransa,79
Türkiye,69
Danimarka,42
Kanada,37
Polonya,36
S?rbistan,34
Romanya,33
Tunus,31
?sveç,31
Birle?ik Krall?k,21
Güney Afrika,21
Güney Kore,20
Yunanistan,18
Finlandiya,17
Tayland,16
?spanya,16
Çek Cumhuriyeti,16
Hollanda,16
Norveç,14
?talya / ?sviçre,13
Suudi Arabistan,12
Portekiz,11
Malezya,10
Sri Lanka,10
M?s?r,9
Macaristan,9
Slovakya,9
?sviçre / ?talya,8
Slovakya / Çek Cumhuriyeti,7
Belçika,7
Singapur,6
Almanya / ?sviçre,6
?talya / Amerika,5
Fransa / ?sviçre,5
?ngiltere,5
Avustralya / Almanya / ?talya,5
Avusturya,5
?sviçre / ?sveç,5
Meksika,4
Avustralya / Yeni Zellanda,4
Çek Cumhuriyeti / Slovakya,4
?talya / Almanya,4
