_journal_clean,?nceleme makalesi,Analiz makalesi,Ara?t?rma makalesi,Derleme,Düzeltme,Editöre mektup,Epidemiyolojik Çal??ma,Etik Tarihsel ?nceleme,Görü? Makalesi,Görü? makalesi,Gözlemsel Makale,Gözlemsel çal??ma,K?sa bildiri,K?sa rapor,Kesitsel anket çal??mas?,Kesitsel gözlemsel otopsi çal??mas?,Kesitsel çal??mas?,Klinik Uygulama,Meta Analiz,Olgu Derlemesi,Olgu Serisi,Olgu Sunumu,Olgu Sunumu / Literatür derlemesi,Olgu sunumu / K?sa bildiri,Otopsi Serisi,Retrospektif çal??ma,Sosyolojik,Tan?mlay?c? veri tan?m?,Tart??ma makalesi,Tavsiye Makalesi,Teknik Not,Vaka kontrol çal??mas?,Yorum Makalesi,Yöntem Makalesi
American Journal of Forensic Medicine and Pathology,0,0,138,17,0,2,0,1,0,1,0,0,0,0,0,0,0,0,0,0,4,253,34,0,0,1,0,0,0,1,2,0,0,1
Australian Journal of Forensic Sciences,0,0,22,3,0,0,0,0,0,0,0,1,0,0,1,0,0,0,1,0,2,8,2,0,0,4,0,0,0,0,0,0,0,0
Forensic Science International,0,0,166,24,0,1,0,0,0,0,0,4,1,0,0,1,1,0,0,0,8,120,5,0,0,23,0,1,0,0,7,1,0,5
International Journal of Legal Medicine,0,0,220,16,2,3,0,0,0,0,0,0,11,0,0,0,0,0,1,0,0,98,5,0,0,0,0,0,0,0,5,0,0,2
Journal of Forensic Sciences,0,0,87,11,0,3,0,0,1,0,1,3,0,0,0,0,0,0,1,0,6,225,14,0,0,29,1,0,0,0,31,0,1,0
Journal of Forensic and Legal Medicine,2,0,141,31,0,5,0,0,1,0,0,0,5,1,0,0,0,1,0,1,5,84,12,0,1,19,0,0,0,0,0,0,1,1
Journal of Legal Medicine,0,0,15,0,0,0,0,0,0,0,0,0,0,0,0,0,0,0,0,0,0,6,0,0,0,0,0,0,0,0,3,0,0,0
Legal Medicine,0,0,96,13,0,5,1,0,0,0,0,1,21,0,0,0,0,0,1,0,4,196,12,1,0,9,0,0,2,0,0,0,0,4
Romanian Journal of Lelgal Medicine,2,1,21,6,0,0,0,0,0,0,0,0,0,0,0,0,0,0,0,0,1,41,10,0,0,3,0,0,0,0,1,0,0,0
