1ST AUTHOR NAME,count
Roger W. Byard,29
Rosario Barranco,17
Cristian Palmiere,15
Suguru Torimitsu,14
Jack Garland,12
Stefano Tambuzzi,10
Yohsuke Makino,9
Shojiro Takasu,8
Lorenzo Gitto,8
Toru Oshima,7
Shuheng Wen,7
Leigh Hlavaty,7
Takeshi Kondo,7
Rexson Tse,7
Rutsuko Yamaguchi,6
Francesco Ventura,6
Nozomi Idota,6
Chong Zhou,6
Arianna Giorgetti,6
Shane Darke,5
Alberto Amadasi,5
Marianne Tiemensma,5
Lilli Stephenson,5
D. Kimberley Molina,5
Shuquan Zhao,5
Tadashi Nishio,5
Francesco Simonit,5
Chittaranjan Behera,5
Hideto Suzuki,5
Dominic Gascho,5
Yoichiro Takahashi,5
Motonori Takahashi,5
Hideki Hyodoh,5
Martin Janík,5
Shouyu Wang,5
Sarra Ben Abderrahim,5
Serenella Serinelli,5
Guendalina Gentile,5
Jacqueline Neubauer,5
Jakob Heimer,5
Asser H. Thomsen,4
Gulhan Yagmur,4
Lucia Tattoli,4
Sami Ben Jomaa,4
Shigeki Tsuneya,4
Mikkel Jon Henningsen,4
Sari Matsumoto,4
Kana Unuma,4
Fabio De-Giorgio,4
Petr Handlos,4
