ARTICLE TYPE,American Journal of Forensic Medicine and Pathology,Australian Journal of Forensic Sciences,Forensic Science International,International Journal of Legal Medicine,Journal of Forensic Sciences,Journal of Forensic and Legal Medicine,Journal of Legal Medicine,Legal Medicine,Romanian Journal of Lelgal Medicine
?nceleme makalesi,0,0,0,0,0,2,0,0,2
Analiz makalesi,0,0,0,0,0,0,0,0,1
Ara?t?rma makalesi,138,22,166,220,87,141,15,96,21
Derleme,17,3,24,16,11,31,0,13,6
Düzeltme,0,0,0,2,0,0,0,0,0
Editöre mektup,2,0,1,3,3,5,0,5,0
Epidemiyolojik Çal??ma,0,0,0,0,0,0,0,1,0
Etik Tarihsel ?nceleme,1,0,0,0,0,0,0,0,0
Görü? Makalesi,0,0,0,0,1,1,0,0,0
Görü? makalesi,1,0,0,0,0,0,0,0,0
Gözlemsel Makale,0,0,0,0,1,0,0,0,0
Gözlemsel çal??ma,0,1,4,0,3,0,0,1,0
K?sa bildiri,0,0,1,11,0,5,0,21,0
K?sa rapor,0,0,0,0,0,1,0,0,0
Kesitsel anket çal??mas?,0,1,0,0,0,0,0,0,0
Kesitsel gözlemsel otopsi çal??mas?,0,0,1,0,0,0,0,0,0
Kesitsel çal??mas?,0,0,1,0,0,0,0,0,0
Klinik Uygulama,0,0,0,0,0,1,0,0,0
Meta Analiz,0,1,0,1,1,0,0,1,0
Olgu Derlemesi,0,0,0,0,0,1,0,0,0
Olgu Serisi,4,2,8,0,6,5,0,4,1
Olgu Sunumu,253,8,120,98,225,84,6,196,41
Olgu Sunumu / Literatür derlemesi,34,2,5,5,14,12,0,12,10
Olgu sunumu / K?sa bildiri,0,0,0,0,0,0,0,1,0
Otopsi Serisi,0,0,0,0,0,1,0,0,0
Retrospektif çal??ma,1,4,23,0,29,19,0,9,3
Sosyolojik,0,0,0,0,1,0,0,0,0
Tan?mlay?c? veri tan?m? ,0,0,1,0,0,0,0,0,0
Tart??ma makalesi,0,0,0,0,0,0,0,2,0
Tavsiye Makalesi,1,0,0,0,0,0,0,0,0
Teknik Not,2,0,7,5,31,0,3,0,1
Vaka kontrol çal??mas?,0,0,1,0,0,0,0,0,0
Yorum Makalesi,0,0,0,0,1,1,0,0,0
Yöntem Makalesi,1,0,5,2,0,1,0,4,0
