COUNTRY,count
Japonya,377
Amerika,317
?talya,267
Çin,121
Almanya,110
Avustralya,102
?sviçre,89
Hindistan,81
Fransa,79
Türkiye,69
Danimarka,42
Kanada,37
Polonya,36
S?rbistan,34
Romanya,33
Tunus,31
?sveç,31
Birle?ik Krall?k,21
Güney Afrika,21
Güney Kore,20
Yunanistan,18
Finlandiya,17
Tayland,16
?spanya,16
Çek Cumhuriyeti,16
Hollanda,16
Norveç,14
?talya / ?sviçre,13
Suudi Arabistan,12
Portekiz,11
Malezya,10
Sri Lanka,10
M?s?r,9
Macaristan,9
Slovakya,9
?sviçre / ?talya,8
Slovakya / Çek Cumhuriyeti,7
Belçika,7
Almanya / ?sviçre,6
Singapur,6
?talya / Amerika,5
?sviçre / ?sveç,5
Fransa / ?sviçre,5
?ngiltere,5
Avustralya / Almanya / ?talya,5
Avusturya,5
Çin / Amerika,4
Yeni Zellanda / Avustralya,4
Litvanya,4
Amerika / Japonya,4
?sviçre / Almanya,4
H?rvatistan,4
Meksika,4
Tayvan,4
?talya / Almanya,4
Çek Cumhuriyeti / Slovakya,4
Avustralya / Yeni Zellanda,4
Japonya / Amerika,3
Ürdün,3
Rusya,3
M?s?r / Suudi Arabistan,3
Karada? / S?rbistan,3
Japonya / M?s?r,3
Çin / Almanya,3
?srail,2
Fransa / Tunus,2
Yeni Zellanda / Avustralya / Almanya,2
?zlanda,2
Gana,2
Bulgaristan,2
?talya / Almanya / ?sviçre / Japonya / M?s?r,2
?spanya / Amerika,2
Amerika / Kanada,2
?sviçre / ?talya / Fransa,2
Almanya / ?talya,2
Almanya / Avusturya / Yeni Zellanda,2
M?s?r / Almanya,2
?sviçre / ?talya / Yeni Zellanda,2
?rlanda,2
?sviçre / Fransa,2
Almanya / Japonya,2
Brezilya,2
Çin / Japonya,2
?ran,2
Pakistan,2
Birle?ik Arap Emirlikleri,2
Arjantin,2
Suudi Arabistan / M?s?r,2
?sviçre / Amerika,2
Amerika / ?talya,2
Suudi Arabistan / Amerika / Pakistan,1
Kuveyt / Suudi Arabistan,1
Sri Lanka / Kanada,1
Danimarka / Portekiz,1
Avustralya / Hollanda,1
Fas,1
Nepal / Suudi Arabistan,1
Avustralya / Yeni Zellanda / Almanya,1
Amerika / Portekiz,1
?ran / Amerika,1
Fransa / ?spanya,1
?ili / Meksika,1
Birle?ik Arap Emirlikleri / M?s?r,1
Yeni Zellanda,1
?sviçre / Yunanistan,1
Yunanistan / Birle?ik Krall?k / ?sviçre,1
Türkiye / Slovakya,1
S?rbistan / Avustralya,1
Avustralya / Almanya / ?talya / ?sviçre / Yeni Zellanda,1
Hindistan / Kanada,1
Hindistan / Fransa / Norveç / ?sveç / Finlandiya,1
Belçika / ?sviçre,1
Almanya / ?zlanda,1
Lüksemburg,1
Hindistan / Amerika,1
Japonya / Kanada,1
Almanya / Avusturya,1
Kanada / Fransa,1
?talya / Çek Cumhuriyeti,1
Avustralya / Singapur,1
Senegal,1
Tayland / Hindistan,1
Peru / ?ili / ?spanya / ?talya,1
Amerika / Almanya,1
Almanya / Nijerya,1
Avusturya / Tunus,1
Bosna Hersek,1
?sveç / Danimarka,1
Danimarka / ?sveç,1
?sviçre / Hollanda,1
?sviçre / Çin,1
Almanya / Avustralya,1
Brunei,1
?spanya / Güney Afrika / Türkiye,1
?sveç / Finlandiya,1
?talya / Avustralya / Almanya / Kanada,1
Güney Kore / Amerika,1
Çin / ?sviçre,1
?sviçre / Fransa / ?spanya,1
Brazilya,1
Avusturya / ?spanya,1
Almanya / ?sveç,1
Avustralya / Almanya / Yeni Zellanda,1
?ngiltere / Kuzey ?rlanda,1
?talya / Birle?ik Krall?k / Japonya,1
Moldova,1
Japonya / Finlandiya,1
?spanya / Hollanda / ?talya,1
Amerika / Kolombiya,1
?talya / Japonya / Birle?ik Krall?k,1
Avusturya / Çin,1
?talya / Malta,1
Japonya / Zambiya / Amerika,1
?sviçre / Avusturya,1
Polonya / Almanya,1
Nepal / Hindistan,1
Yunanistan / Birle?ik Krall?k / Arnavutluk / ?talya,1
K?br?s,1
?talya / ?spanya,1
?sviçre / Romanya,1
Çek Cumhuriyeti / ?sviçre / Polonya / Slovakya,1
Hollanda / ?sviçre,1
?talya / Japonya,1
Birle?ik Krall?k / Suudi Arabistan,1
Amerika / Avustralya,1
H?rvatistan / Amerika,1
Almanya / Amerika,1
Almanya / Türkiye,1
?sviçre / ?talya / Belçika / Fransa,1
Birle?ik Krall?k / Malezya,1
Çin / Sey?eller,1
?sveç / ?sviçre,1
H?rvatistan / Avustralya,1
Hindistan / Birle?ik Krall?k,1
?talya / Birle?ik Krall?k,1
?spanya / ?talya / Suudi Arabistan,1
Birle?ik Krall?k / Amerika,1
?sviçre / Polonya / Çek Cumhuriyeti,1
Türkiye / Amerika,1
Fransa / Amerika,1
Belçika / Brezilya,1
?rlanda / ?talya / Macaristan /  Fransa / ?sviçre / Estonya / Portekiz,1
Portekiz / Brezilya,1
Almanya / Hollanda,1
Danimarka / Hollanda,1
Birle?ik Krall?k / Fransa,1
Birle?ik Krall?k / ?talya,1
Güney Afrika / Amerika,1
Amerika / Birle?ik Krall?k,1
?sviçre / Brezilya,1
Almanya / Çek Cumhuriyeti,1
Malezya / Pakistan,1
Kolombiya,1
Jamaika,1
Avustralya / Yeni Zellanda / ?sviçre,1
Kenya,1
?sveç / Norveç,1
Yeni Zellanda / Japonya,1
Tayland / Japonya,1
Avusturya / Hollanda / Lüksemburg,1
?sviçre / Macaristan,1
Danimarka / Portekiz / Hollanda / Ekvator,1
Türkiye / Almanya,1
?sviçre / Almanya / Fransa,1
Brezilya / Rusya,1
Almanya / Fransa,1
?sviçre / Polonya / Fransa / Yeni Zellanda / ?talya,1
?sviçre / Avustralya / ?talya,1
Kanada / Amerika,1
Amerika / Çin,1
?sviçre / Fransa / ?talya,1
Güney Kore / Avusturya / Amerika,1
Myanmar / Avustralya,1
?spanya / Hollanda / ?skoçya,1
Romanya / ?sviçre,1
Almanya / ?spanya,1
Macaristan / Avustralya,1
S?rbistan / Karada?,1
Danimarka / Finlandiya,1
Finlandiya / Amerika,1
Japonya / Birle?ik Arap Emirlikleri,1
Rusya / Brezilya,1
Türkiye / Çek Cumhuriyeti,1
?talya / Avusturya,1
Yeni Zellanda / ?sviçre,1
Slovenya,1
